{"type": "block", "layer": 2, "block": 0, "features": [{"geom": {"triangles": {"v": [3414.0885819215328, 2772.8271113876253, 15000.0, -3424.6926680784672, 2770.7958613876253, 15000.0, -3445.8489180784672, -2721.9541386123747, 15000.0, 3445.8385819215328, -2772.8291386123747, 15000.0], "f": [0, 1, 2, 3, 0, 2]}, "centroids": [[2.823228453984484, 8.651104219374247, 15000.0]]}, "mtl": 0}], "featureCount": 1, "startIndex": 0}