{"type": "block", "layer": 9, "block": 6, "features": [{"geom": {"lines": [[3502.1457369215204, 2126.245541387645, 19080.0, 3502.1457369215204, 2126.245541387645, 15150.0]]}, "mtl": 0}], "featureCount": 1, "startIndex": 300}